<?xml version="1.0" encoding="UTF-8"?>
<manifest identifier="gd57801f5078ed4882b05e2460c5166fd" xmlns="http://www.imsglobal.org/xsd/imsccv1p3/imscp_v1p1" xmlns:lom="http://ltsc.ieee.org/xsd/imsccv1p3/LOM/resource" xmlns:lomimscc="http://ltsc.ieee.org/xsd/imsccv1p3/LOM/manifest" xmlns:cpx="http://www.imsglobal.org/xsd/imsccv1p3/imscp_extensionv1p2" xmlns:xsi="http://www.w3.org/2001/XMLSchema-instance" xsi:schemaLocation="http://ltsc.ieee.org/xsd/imsccv1p3/LOM/resource http://www.imsglobal.org/profile/cc/ccv1p3/LOM/ccv1p3_lomresource_v1p0.xsd http://www.imsglobal.org/xsd/imsccv1p3/imscp_v1p1 http://www.imsglobal.org/profile/cc/ccv1p3/ccv1p3_imscp_v1p2_v1p0.xsd http://ltsc.ieee.org/xsd/imsccv1p3/LOM/manifest http://www.imsglobal.org/profile/cc/ccv1p3/LOM/ccv1p3_lommanifest_v1p0.xsd http://www.imsglobal.org/xsd/imsccv1p3/imscp_extensionv1p2 http://www.imsglobal.org/profile/cc/ccv1p3/ccv1p3_cpextensionv1p2_v1p0.xsd">
  <metadata>
    <schema>IMS Common Cartridge</schema>
    <schemaversion>1.3.0</schemaversion>
    <lomimscc:lom>
      <lomimscc:general>
        <lomimscc:title>
          <lomimscc:string>Template -- Canvas Hub and Content</lomimscc:string>
        </lomimscc:title>
      </lomimscc:general>
      <lomimscc:lifeCycle>
        <lomimscc:contribute>
          <lomimscc:date>
            <lomimscc:dateTime>2020-08-06</lomimscc:dateTime>
          </lomimscc:date>
        </lomimscc:contribute>
      </lomimscc:lifeCycle>
      <lomimscc:rights>
        <lomimscc:copyrightAndOtherRestrictions>
          <lomimscc:value>yes</lomimscc:value>
        </lomimscc:copyrightAndOtherRestrictions>
        <lomimscc:description>
          <lomimscc:string>Private (Copyrighted) - http://en.wikipedia.org/wiki/Copyright</lomimscc:string>
        </lomimscc:description>
      </lomimscc:rights>
    </lomimscc:lom>
  </metadata>
  <organizations>
    <organization identifier="org_1" structure="rooted-hierarchy">
      <item identifier="LearningModules">
        <item identifier="gea686c01e269d56127fb36ef05c7cd6b">
          <title>Course Templates</title>
          <item identifier="g9632f77b385116d2c4457b963b65ace8" identifierref="g0109e5b5c61a6e08c0a024a16cce95b9">
            <title>📐Math Lesson Template</title>
          </item>
          <item identifier="gf3ebfa83c90387b882492b257463002c" identifierref="g109b748ed07ec6af022c6285827331c6">
            <title>📗Reading Lesson Template</title>
          </item>
          <item identifier="ge5f5841085e75dd5aa35eced476c1b80" identifierref="g10d248168e9eebcf55eb19760e589635">
            <title>🔬Science Lesson Template</title>
          </item>
          <item identifier="gfb00435b7d31b7ceaa0947e145c6c9a1" identifierref="gc6623e839f1d2db760b400b1fcf4e98c">
            <title>🌎Social Studies Lesson Template</title>
          </item>
          <item identifier="g32cb1248864c2f91eed5b1ff5079e973" identifierref="g992f65af19d9ef6c0fae710986fa248c">
            <title>📝Writing Lesson Template</title>
          </item>
          <item identifier="gcdc5db7170abab3e24401d497c7ea5c1" identifierref="gfe47f93f5a4d5fe11a22593d4098156e">
            <title>📆Monthly Schedule</title>
          </item>
          <item identifier="g5f48367580aa33259acd5da06ecfd28c" identifierref="g0d5daccfee0b75ce1e59c3c90f34d5e0">
            <title>Weekly Schedule</title>
          </item>
        </item>
      </item>
    </organization>
  </organizations>
  <resources>
    <resource identifier="g8eeefbb75563ae222a248c670fa3cee1_syllabus" type="associatedcontent/imscc_xmlv1p1/learning-application-resource" href="course_settings/syllabus.html" intendeduse="syllabus">
      <file href="course_settings/syllabus.html"/>
    </resource>
    <resource identifier="g8eeefbb75563ae222a248c670fa3cee1" type="associatedcontent/imscc_xmlv1p1/learning-application-resource" href="course_settings/canvas_export.txt">
      <file href="course_settings/course_settings.xml"/>
      <file href="course_settings/module_meta.xml"/>
      <file href="course_settings/assignment_groups.xml"/>
      <file href="course_settings/files_meta.xml"/>
      <file href="course_settings/media_tracks.xml"/>
      <file href="course_settings/canvas_export.txt"/>
    </resource>
    <resource identifier="g0d5daccfee0b75ce1e59c3c90f34d5e0" type="webcontent" href="wiki_content/weekly-schedule.html">
      <file href="wiki_content/weekly-schedule.html"/>
    </resource>
    <resource identifier="gfe47f93f5a4d5fe11a22593d4098156e" type="webcontent" href="wiki_content/monthly-schedule.html">
      <file href="wiki_content/monthly-schedule.html"/>
    </resource>
    <resource identifier="g06ddf07ca7bc500a9a2ee7b8ea603c22" type="webcontent" href="wiki_content/home-page.html">
      <file href="wiki_content/home-page.html"/>
    </resource>
    <resource identifier="g0109e5b5c61a6e08c0a024a16cce95b9" type="webcontent" href="wiki_content/math-lesson-template.html">
      <file href="wiki_content/math-lesson-template.html"/>
    </resource>
    <resource identifier="g9045fe89112495c1077044cfa0b80910" type="webcontent" href="wiki_content/meet-the-teacher.html">
      <file href="wiki_content/meet-the-teacher.html"/>
    </resource>
    <resource identifier="g564302e15983a1264dceafa728023ad7" type="webcontent" href="wiki_content/parent-resources.html">
      <file href="wiki_content/parent-resources.html"/>
    </resource>
    <resource identifier="gc6623e839f1d2db760b400b1fcf4e98c" type="webcontent" href="wiki_content/social-studies-lesson-template.html">
      <file href="wiki_content/social-studies-lesson-template.html"/>
    </resource>
    <resource identifier="g2076eb7907e31d6bfa814cc78f0261d4" type="webcontent" href="wiki_content/classroom-resources.html">
      <file href="wiki_content/classroom-resources.html"/>
    </resource>
    <resource identifier="g109b748ed07ec6af022c6285827331c6" type="webcontent" href="wiki_content/reading-lesson-template.html">
      <file href="wiki_content/reading-lesson-template.html"/>
    </resource>
    <resource identifier="g10d248168e9eebcf55eb19760e589635" type="webcontent" href="wiki_content/science-lesson-template.html">
      <file href="wiki_content/science-lesson-template.html"/>
    </resource>
    <resource identifier="g992f65af19d9ef6c0fae710986fa248c" type="webcontent" href="wiki_content/writing-lesson-template.html">
      <file href="wiki_content/writing-lesson-template.html"/>
    </resource>
    <resource type="webcontent" identifier="g591fcd29b870208141922cfced955c59" href="web_resources/Uploaded Media/Welcome to our Virtual Classroom.png">
      <file href="web_resources/Uploaded Media/Welcome to our Virtual Classroom.png"/>
    </resource>
    <resource type="webcontent" identifier="g5d28a0fe3d007626e96cffbdfe724fdf" href="web_resources/Uploaded Media/Google Meet.png">
      <file href="web_resources/Uploaded Media/Google Meet.png"/>
    </resource>
    <resource type="webcontent" identifier="gb07ef94e7f7be09c7d96fed914e5e474" href="web_resources/Uploaded Media/Meet the Teacher.png">
      <file href="web_resources/Uploaded Media/Meet the Teacher.png"/>
    </resource>
    <resource type="webcontent" identifier="gb5067cbf8fc38a3f33ffbd5e9c7064ce" href="web_resources/Uploaded Media/Resources.png">
      <file href="web_resources/Uploaded Media/Resources.png"/>
    </resource>
    <resource type="webcontent" identifier="g1b63121438baac4c9391a0ef7bac9459" href="web_resources/Uploaded Media/Monday.png">
      <file href="web_resources/Uploaded Media/Monday.png"/>
    </resource>
    <resource type="webcontent" identifier="gc2cfe8c3fb2c611c51074709bffd4b71" href="web_resources/Uploaded Media/Tuesday-1.png">
      <file href="web_resources/Uploaded Media/Tuesday-1.png"/>
    </resource>
    <resource type="webcontent" identifier="gf4b3b188e35d81ef62278f4d17ef611e" href="web_resources/Uploaded Media/Wednesday.png">
      <file href="web_resources/Uploaded Media/Wednesday.png"/>
    </resource>
    <resource type="webcontent" identifier="g126379d6b3446ff78b1036d3585d967c" href="web_resources/Uploaded Media/Thursday.png">
      <file href="web_resources/Uploaded Media/Thursday.png"/>
    </resource>
    <resource type="webcontent" identifier="ga259b42ae4364dbd8ed774db56b4fd44" href="web_resources/Uploaded Media/Friday.png">
      <file href="web_resources/Uploaded Media/Friday.png"/>
    </resource>
    <resource type="webcontent" identifier="gab59ad9cc63b1d61bf1f5392d0f5cf8d" href="web_resources/Uploaded Media/Home.png">
      <file href="web_resources/Uploaded Media/Home.png"/>
    </resource>
    <resource type="webcontent" identifier="g4b209627935ab602b6821b979a9f10cf" href="web_resources/Uploaded Media/Class Message.png">
      <file href="web_resources/Uploaded Media/Class Message.png"/>
    </resource>
    <resource type="webcontent" identifier="g3a27bd29e5c38dc2e45e11746caad0c0" href="web_resources/Uploaded Media/Teacher Picture.png">
      <file href="web_resources/Uploaded Media/Teacher Picture.png"/>
    </resource>
    <resource type="webcontent" identifier="gd3181ea132489e2a62a67c127849b93f" href="web_resources/Uploaded Media/Khan Academy.png">
      <file href="web_resources/Uploaded Media/Khan Academy.png"/>
    </resource>
    <resource type="webcontent" identifier="g32f4ce125886b1b3432d74e19af751c3" href="web_resources/Uploaded Media/VegasVerdes Programs (6).png">
      <file href="web_resources/Uploaded Media/VegasVerdes Programs (6).png"/>
    </resource>
    <resource type="webcontent" identifier="g37a7735e65a293299d4b74b298f4009f" href="web_resources/Uploaded Media/PBS Kids.png">
      <file href="web_resources/Uploaded Media/PBS Kids.png"/>
    </resource>
    <resource type="webcontent" identifier="ga57c12fead195b7867560c6e1957176a" href="web_resources/Uploaded Media/Lessons.png">
      <metadata>
        <lom:lom>
          <lom:educational>
            <lom:intendedEndUserRole>
              <lom:source>IMSGLC_CC_Rolesv1p1</lom:source>
              <lom:value>Instructor</lom:value>
            </lom:intendedEndUserRole>
          </lom:educational>
        </lom:lom>
      </metadata>
      <file href="web_resources/Uploaded Media/Lessons.png"/>
    </resource>
    <resource type="webcontent" identifier="gdff45e0eced92160053ab12923e2ef6b" href="web_resources/Uploaded Media/No School.png">
      <metadata>
        <lom:lom>
          <lom:educational>
            <lom:intendedEndUserRole>
              <lom:source>IMSGLC_CC_Rolesv1p1</lom:source>
              <lom:value>Instructor</lom:value>
            </lom:intendedEndUserRole>
          </lom:educational>
        </lom:lom>
      </metadata>
      <file href="web_resources/Uploaded Media/No School.png"/>
    </resource>
    <resource type="webcontent" identifier="ga0ee97f560952ae2f9a2ead0efa0241f" href="web_resources/Uploaded Media/Math.png">
      <metadata>
        <lom:lom>
          <lom:educational>
            <lom:intendedEndUserRole>
              <lom:source>IMSGLC_CC_Rolesv1p1</lom:source>
              <lom:value>Instructor</lom:value>
            </lom:intendedEndUserRole>
          </lom:educational>
        </lom:lom>
      </metadata>
      <file href="web_resources/Uploaded Media/Math.png"/>
    </resource>
    <resource type="webcontent" identifier="g2247ba39327f4ada6b5d597b67bdf928" href="web_resources/Uploaded Media/Reading.png">
      <metadata>
        <lom:lom>
          <lom:educational>
            <lom:intendedEndUserRole>
              <lom:source>IMSGLC_CC_Rolesv1p1</lom:source>
              <lom:value>Instructor</lom:value>
            </lom:intendedEndUserRole>
          </lom:educational>
        </lom:lom>
      </metadata>
      <file href="web_resources/Uploaded Media/Reading.png"/>
    </resource>
    <resource type="webcontent" identifier="ga6cac26644b5dba11a8024b6ae664264" href="web_resources/Uploaded Media/Science.png">
      <metadata>
        <lom:lom>
          <lom:educational>
            <lom:intendedEndUserRole>
              <lom:source>IMSGLC_CC_Rolesv1p1</lom:source>
              <lom:value>Instructor</lom:value>
            </lom:intendedEndUserRole>
          </lom:educational>
        </lom:lom>
      </metadata>
      <file href="web_resources/Uploaded Media/Science.png"/>
    </resource>
    <resource type="webcontent" identifier="g0e530a3f4447b9429eec73dba4bf1fa8" href="web_resources/Uploaded Media/Social Studies.png">
      <metadata>
        <lom:lom>
          <lom:educational>
            <lom:intendedEndUserRole>
              <lom:source>IMSGLC_CC_Rolesv1p1</lom:source>
              <lom:value>Instructor</lom:value>
            </lom:intendedEndUserRole>
          </lom:educational>
        </lom:lom>
      </metadata>
      <file href="web_resources/Uploaded Media/Social Studies.png"/>
    </resource>
    <resource type="webcontent" identifier="g1297ca23114c098a907065edfd4ae5e1" href="web_resources/Uploaded Media/Writing.png">
      <metadata>
        <lom:lom>
          <lom:educational>
            <lom:intendedEndUserRole>
              <lom:source>IMSGLC_CC_Rolesv1p1</lom:source>
              <lom:value>Instructor</lom:value>
            </lom:intendedEndUserRole>
          </lom:educational>
        </lom:lom>
      </metadata>
      <file href="web_resources/Uploaded Media/Writing.png"/>
    </resource>
    <resource type="webcontent" identifier="ga3f442a4536c1e87468a6e76a85525da" href="web_resources/Uploaded Media/Art.png">
      <metadata>
        <lom:lom>
          <lom:educational>
            <lom:intendedEndUserRole>
              <lom:source>IMSGLC_CC_Rolesv1p1</lom:source>
              <lom:value>Instructor</lom:value>
            </lom:intendedEndUserRole>
          </lom:educational>
        </lom:lom>
      </metadata>
      <file href="web_resources/Uploaded Media/Art.png"/>
    </resource>
    <resource type="webcontent" identifier="g3020ae44c4b3d9f663ec8ce858aaff48" href="web_resources/Uploaded Media/Library.png">
      <metadata>
        <lom:lom>
          <lom:educational>
            <lom:intendedEndUserRole>
              <lom:source>IMSGLC_CC_Rolesv1p1</lom:source>
              <lom:value>Instructor</lom:value>
            </lom:intendedEndUserRole>
          </lom:educational>
        </lom:lom>
      </metadata>
      <file href="web_resources/Uploaded Media/Library.png"/>
    </resource>
    <resource type="webcontent" identifier="gee6ca3b3293bdd8de96fdac90b14c288" href="web_resources/Uploaded Media/Music.png">
      <metadata>
        <lom:lom>
          <lom:educational>
            <lom:intendedEndUserRole>
              <lom:source>IMSGLC_CC_Rolesv1p1</lom:source>
              <lom:value>Instructor</lom:value>
            </lom:intendedEndUserRole>
          </lom:educational>
        </lom:lom>
      </metadata>
      <file href="web_resources/Uploaded Media/Music.png"/>
    </resource>
    <resource type="webcontent" identifier="g7aee1cc407d2e0a6233954ca498968ff" href="web_resources/Uploaded Media/PE.png">
      <metadata>
        <lom:lom>
          <lom:educational>
            <lom:intendedEndUserRole>
              <lom:source>IMSGLC_CC_Rolesv1p1</lom:source>
              <lom:value>Instructor</lom:value>
            </lom:intendedEndUserRole>
          </lom:educational>
        </lom:lom>
      </metadata>
      <file href="web_resources/Uploaded Media/PE.png"/>
    </resource>
    <resource type="webcontent" identifier="g5d6680a5ac1ca11ccc1f793229b4b59d" href="web_resources/Uploaded Media/Schedule-1.png">
      <metadata>
        <lom:lom>
          <lom:educational>
            <lom:intendedEndUserRole>
              <lom:source>IMSGLC_CC_Rolesv1p1</lom:source>
              <lom:value>Instructor</lom:value>
            </lom:intendedEndUserRole>
          </lom:educational>
        </lom:lom>
      </metadata>
      <file href="web_resources/Uploaded Media/Schedule-1.png"/>
    </resource>
    <resource type="webcontent" identifier="g95cb94e4d9a48bae4f89268d941acb84" href="web_resources/Uploaded Media/Online Meet-2.png">
      <metadata>
        <lom:lom>
          <lom:educational>
            <lom:intendedEndUserRole>
              <lom:source>IMSGLC_CC_Rolesv1p1</lom:source>
              <lom:value>Instructor</lom:value>
            </lom:intendedEndUserRole>
          </lom:educational>
        </lom:lom>
      </metadata>
      <file href="web_resources/Uploaded Media/Online Meet-2.png"/>
    </resource>
    <resource type="webcontent" identifier="gea47ab04fa6d5c37703dbd7b9b1449ba" href="web_resources/Uploaded Media/Teacher.png">
      <metadata>
        <lom:lom>
          <lom:educational>
            <lom:intendedEndUserRole>
              <lom:source>IMSGLC_CC_Rolesv1p1</lom:source>
              <lom:value>Instructor</lom:value>
            </lom:intendedEndUserRole>
          </lom:educational>
        </lom:lom>
      </metadata>
      <file href="web_resources/Uploaded Media/Teacher.png"/>
    </resource>
    <resource type="webcontent" identifier="g4f9df930f24ee46a7c61d67a18438f95" href="web_resources/Uploaded Media/Parent Resources.png">
      <metadata>
        <lom:lom>
          <lom:educational>
            <lom:intendedEndUserRole>
              <lom:source>IMSGLC_CC_Rolesv1p1</lom:source>
              <lom:value>Instructor</lom:value>
            </lom:intendedEndUserRole>
          </lom:educational>
        </lom:lom>
      </metadata>
      <file href="web_resources/Uploaded Media/Parent Resources.png"/>
    </resource>
    <resource type="webcontent" identifier="g53a41003a4f0f0c344ffb523c7b1a873" href="web_resources/Uploaded Media/Welcome Banner.png">
      <metadata>
        <lom:lom>
          <lom:educational>
            <lom:intendedEndUserRole>
              <lom:source>IMSGLC_CC_Rolesv1p1</lom:source>
              <lom:value>Instructor</lom:value>
            </lom:intendedEndUserRole>
          </lom:educational>
        </lom:lom>
      </metadata>
      <file href="web_resources/Uploaded Media/Welcome Banner.png"/>
    </resource>
    <resource type="webcontent" identifier="g5d051be3eaac310db8594241054d72ae" href="web_resources/Uploaded Media/Reading Eggs.png">
      <metadata>
        <lom:lom>
          <lom:educational>
            <lom:intendedEndUserRole>
              <lom:source>IMSGLC_CC_Rolesv1p1</lom:source>
              <lom:value>Instructor</lom:value>
            </lom:intendedEndUserRole>
          </lom:educational>
        </lom:lom>
      </metadata>
      <file href="web_resources/Uploaded Media/Reading Eggs.png"/>
    </resource>
    <resource type="webcontent" identifier="gc63bc013b57831dda01f38217ec6d1ce" href="web_resources/Uploaded Media/MyON.png">
      <metadata>
        <lom:lom>
          <lom:educational>
            <lom:intendedEndUserRole>
              <lom:source>IMSGLC_CC_Rolesv1p1</lom:source>
              <lom:value>Instructor</lom:value>
            </lom:intendedEndUserRole>
          </lom:educational>
        </lom:lom>
      </metadata>
      <file href="web_resources/Uploaded Media/MyON.png"/>
    </resource>
    <resource type="webcontent" identifier="gfe8bb99d35bfec688c97c982dbe8b901" href="web_resources/Uploaded Media/AR.png">
      <metadata>
        <lom:lom>
          <lom:educational>
            <lom:intendedEndUserRole>
              <lom:source>IMSGLC_CC_Rolesv1p1</lom:source>
              <lom:value>Instructor</lom:value>
            </lom:intendedEndUserRole>
          </lom:educational>
        </lom:lom>
      </metadata>
      <file href="web_resources/Uploaded Media/AR.png"/>
    </resource>
    <resource type="webcontent" identifier="g4cd486addee4a6a21812e3091cf2c55b" href="web_resources/Uploaded Media/St Math.png">
      <metadata>
        <lom:lom>
          <lom:educational>
            <lom:intendedEndUserRole>
              <lom:source>IMSGLC_CC_Rolesv1p1</lom:source>
              <lom:value>Instructor</lom:value>
            </lom:intendedEndUserRole>
          </lom:educational>
        </lom:lom>
      </metadata>
      <file href="web_resources/Uploaded Media/St Math.png"/>
    </resource>
    <resource type="webcontent" identifier="g9b616ea184c75756d783e9e45b6ed55e" href="web_resources/Uploaded Media/Class Dojo.png">
      <metadata>
        <lom:lom>
          <lom:educational>
            <lom:intendedEndUserRole>
              <lom:source>IMSGLC_CC_Rolesv1p1</lom:source>
              <lom:value>Instructor</lom:value>
            </lom:intendedEndUserRole>
          </lom:educational>
        </lom:lom>
      </metadata>
      <file href="web_resources/Uploaded Media/Class Dojo.png"/>
    </resource>
    <resource type="webcontent" identifier="g59996e08d90d0fbe743ce497705639b9" href="web_resources/Uploaded Media/FACES.jpg">
      <metadata>
        <lom:lom>
          <lom:educational>
            <lom:intendedEndUserRole>
              <lom:source>IMSGLC_CC_Rolesv1p1</lom:source>
              <lom:value>Instructor</lom:value>
            </lom:intendedEndUserRole>
          </lom:educational>
        </lom:lom>
      </metadata>
      <file href="web_resources/Uploaded Media/FACES.jpg"/>
    </resource>
    <resource type="webcontent" identifier="g9b3d4c9b84ffa108c099acd0cd8ac7c0" href="web_resources/Uploaded Media/Infinite Campus.png">
      <metadata>
        <lom:lom>
          <lom:educational>
            <lom:intendedEndUserRole>
              <lom:source>IMSGLC_CC_Rolesv1p1</lom:source>
              <lom:value>Instructor</lom:value>
            </lom:intendedEndUserRole>
          </lom:educational>
        </lom:lom>
      </metadata>
      <file href="web_resources/Uploaded Media/Infinite Campus.png"/>
    </resource>
    <resource type="webcontent" identifier="gf0335b445c90f238f478865386f1855f" href="web_resources/Uploaded Media/CCSD.png">
      <metadata>
        <lom:lom>
          <lom:educational>
            <lom:intendedEndUserRole>
              <lom:source>IMSGLC_CC_Rolesv1p1</lom:source>
              <lom:value>Instructor</lom:value>
            </lom:intendedEndUserRole>
          </lom:educational>
        </lom:lom>
      </metadata>
      <file href="web_resources/Uploaded Media/CCSD.png"/>
    </resource>
    <resource type="webcontent" identifier="gecf7fc90e891848bd47d43605c612eef" href="web_resources/Uploaded Media/CCSD-1.png">
      <metadata>
        <lom:lom>
          <lom:educational>
            <lom:intendedEndUserRole>
              <lom:source>IMSGLC_CC_Rolesv1p1</lom:source>
              <lom:value>Instructor</lom:value>
            </lom:intendedEndUserRole>
          </lom:educational>
        </lom:lom>
      </metadata>
      <file href="web_resources/Uploaded Media/CCSD-1.png"/>
    </resource>
    <resource type="webcontent" identifier="gdafcabe7a6abe45ef0ef65cc12cc5376" href="web_resources/course_image/NEW_BlendED_Logo-Vertical.png">
      <metadata>
        <lom:lom>
          <lom:educational>
            <lom:intendedEndUserRole>
              <lom:source>IMSGLC_CC_Rolesv1p1</lom:source>
              <lom:value>Instructor</lom:value>
            </lom:intendedEndUserRole>
          </lom:educational>
        </lom:lom>
      </metadata>
      <file href="web_resources/course_image/NEW_BlendED_Logo-Vertical.png"/>
    </resource>
  </resources>
</manifest>
