<?xml version="1.0" encoding="UTF-8"?>
<course identifier="g8eeefbb75563ae222a248c670fa3cee1" xmlns="http://canvas.instructure.com/xsd/cccv1p0" xmlns:xsi="http://www.w3.org/2001/XMLSchema-instance" xsi:schemaLocation="http://canvas.instructure.com/xsd/cccv1p0 https://canvas.instructure.com/xsd/cccv1p0.xsd">
  <title>Template -- Canvas Hub and Content</title>
  <course_code>Canvas Hub &amp; Content - Template</course_code>
  <start_at>2020-08-01T22:34:00</start_at>
  <conclude_at/>
  <tab_configuration>[{"id":0},{"id":14},{"id":5},{"id":2,"hidden":true},{"id":6,"hidden":true},{"id":3,"hidden":true},{"id":8,"hidden":true},{"id":11,"hidden":true},{"id":4,"hidden":true},{"id":1,"hidden":true},{"id":15,"hidden":true},{"id":10,"hidden":true},{"id":18,"hidden":true},{"id":12,"hidden":true},{"id":"context_external_tool_gd68de6bf35b8d405af388d954b446909","hidden":true},{"id":17,"hidden":true},{"id":"context_external_tool_ge2fa39b31f05fcef27dcc1afd4f74e16","hidden":true},{"id":"context_external_tool_gbf41c42177075f53b5f9fb1970652a37","hidden":true},{"id":"context_external_tool_ga7c6b959d41db2af5c7e3293997e99c5","hidden":true}]</tab_configuration>
  <image_identifier_ref>gdafcabe7a6abe45ef0ef65cc12cc5376</image_identifier_ref>
  <is_public>false</is_public>
  <is_public_to_auth_users>true</is_public_to_auth_users>
  <public_syllabus>false</public_syllabus>
  <public_syllabus_to_auth>true</public_syllabus_to_auth>
  <allow_student_wiki_edits>false</allow_student_wiki_edits>
  <syllabus_course_summary>true</syllabus_course_summary>
  <allow_student_forum_attachments>true</allow_student_forum_attachments>
  <lock_all_announcements>true</lock_all_announcements>
  <default_wiki_editing_roles>teachers</default_wiki_editing_roles>
  <allow_student_organized_groups>true</allow_student_organized_groups>
  <default_view>wiki</default_view>
  <open_enrollment>false</open_enrollment>
  <filter_speed_grader_by_student_group>false</filter_speed_grader_by_student_group>
  <self_enrollment>false</self_enrollment>
  <license>private</license>
  <indexed>false</indexed>
  <hide_final_grade>false</hide_final_grade>
  <hide_distribution_graphs>false</hide_distribution_graphs>
  <allow_student_discussion_topics>true</allow_student_discussion_topics>
  <allow_student_discussion_editing>true</allow_student_discussion_editing>
  <show_announcements_on_home_page>false</show_announcements_on_home_page>
  <home_page_announcement_limit>3</home_page_announcement_limit>
  <enable_offline_web_export>true</enable_offline_web_export>
  <usage_rights_required>true</usage_rights_required>
  <restrict_student_future_view>false</restrict_student_future_view>
  <restrict_student_past_view>false</restrict_student_past_view>
  <restrict_enrollments_to_course_dates>false</restrict_enrollments_to_course_dates>
  <grading_standard_enabled>false</grading_standard_enabled>
  <storage_quota>1048576000</storage_quota>
  <overridden_course_visibility></overridden_course_visibility>
  <root_account_uuid>tXm2ckBmgwurxttsdxTIHiCQ1ZlSGTwkyWVClxY3</root_account_uuid>
  <default_post_policy>
    <post_manually>false</post_manually>
  </default_post_policy>
</course>
