<?xml version="1.0" encoding="UTF-8"?>
<fileMeta xmlns="http://canvas.instructure.com/xsd/cccv1p0" xmlns:xsi="http://www.w3.org/2001/XMLSchema-instance" xsi:schemaLocation="http://canvas.instructure.com/xsd/cccv1p0 https://canvas.instructure.com/xsd/cccv1p0.xsd">
  <files>
    <file identifier="gc2cfe8c3fb2c611c51074709bffd4b71">
      <display_name>Tuesday-1.png</display_name>
    </file>
    <file identifier="ga57c12fead195b7867560c6e1957176a">
      <locked>true</locked>
    </file>
    <file identifier="gdff45e0eced92160053ab12923e2ef6b">
      <locked>true</locked>
    </file>
    <file identifier="ga0ee97f560952ae2f9a2ead0efa0241f">
      <locked>true</locked>
    </file>
    <file identifier="g2247ba39327f4ada6b5d597b67bdf928">
      <locked>true</locked>
    </file>
    <file identifier="ga6cac26644b5dba11a8024b6ae664264">
      <locked>true</locked>
    </file>
    <file identifier="g0e530a3f4447b9429eec73dba4bf1fa8">
      <locked>true</locked>
    </file>
    <file identifier="g1297ca23114c098a907065edfd4ae5e1">
      <locked>true</locked>
    </file>
    <file identifier="ga3f442a4536c1e87468a6e76a85525da">
      <locked>true</locked>
    </file>
    <file identifier="g3020ae44c4b3d9f663ec8ce858aaff48">
      <locked>true</locked>
    </file>
    <file identifier="gee6ca3b3293bdd8de96fdac90b14c288">
      <locked>true</locked>
    </file>
    <file identifier="g7aee1cc407d2e0a6233954ca498968ff">
      <locked>true</locked>
    </file>
    <file identifier="g5d6680a5ac1ca11ccc1f793229b4b59d">
      <locked>true</locked>
      <display_name>Schedule-1.png</display_name>
    </file>
    <file identifier="g95cb94e4d9a48bae4f89268d941acb84">
      <locked>true</locked>
      <display_name>Online Meet-2.png</display_name>
    </file>
    <file identifier="gea47ab04fa6d5c37703dbd7b9b1449ba">
      <locked>true</locked>
    </file>
    <file identifier="g4f9df930f24ee46a7c61d67a18438f95">
      <locked>true</locked>
    </file>
    <file identifier="g53a41003a4f0f0c344ffb523c7b1a873">
      <locked>true</locked>
    </file>
    <file identifier="g5d051be3eaac310db8594241054d72ae">
      <locked>true</locked>
    </file>
    <file identifier="gc63bc013b57831dda01f38217ec6d1ce">
      <locked>true</locked>
    </file>
    <file identifier="gfe8bb99d35bfec688c97c982dbe8b901">
      <locked>true</locked>
    </file>
    <file identifier="g4cd486addee4a6a21812e3091cf2c55b">
      <locked>true</locked>
    </file>
    <file identifier="g9b616ea184c75756d783e9e45b6ed55e">
      <locked>true</locked>
    </file>
    <file identifier="g59996e08d90d0fbe743ce497705639b9">
      <locked>true</locked>
    </file>
    <file identifier="g9b3d4c9b84ffa108c099acd0cd8ac7c0">
      <locked>true</locked>
    </file>
    <file identifier="gf0335b445c90f238f478865386f1855f">
      <locked>true</locked>
    </file>
    <file identifier="gecf7fc90e891848bd47d43605c612eef">
      <locked>true</locked>
      <display_name>CCSD-1.png</display_name>
    </file>
    <file identifier="gdafcabe7a6abe45ef0ef65cc12cc5376">
      <locked>true</locked>
    </file>
  </files>
</fileMeta>
