<?xml version="1.0" encoding="UTF-8"?>
<modules xmlns="http://canvas.instructure.com/xsd/cccv1p0" xmlns:xsi="http://www.w3.org/2001/XMLSchema-instance" xsi:schemaLocation="http://canvas.instructure.com/xsd/cccv1p0 https://canvas.instructure.com/xsd/cccv1p0.xsd">
  <module identifier="gea686c01e269d56127fb36ef05c7cd6b">
    <title>Course Templates</title>
    <workflow_state>active</workflow_state>
    <position>3</position>
    <require_sequential_progress>false</require_sequential_progress>
    <locked>false</locked>
    <items>
      <item identifier="g9632f77b385116d2c4457b963b65ace8">
        <content_type>WikiPage</content_type>
        <workflow_state>active</workflow_state>
        <title>📐Math Lesson Template</title>
        <identifierref>g0109e5b5c61a6e08c0a024a16cce95b9</identifierref>
        <position>1</position>
        <new_tab/>
        <indent>0</indent>
      </item>
      <item identifier="gf3ebfa83c90387b882492b257463002c">
        <content_type>WikiPage</content_type>
        <workflow_state>active</workflow_state>
        <title>📗Reading Lesson Template</title>
        <identifierref>g109b748ed07ec6af022c6285827331c6</identifierref>
        <position>2</position>
        <new_tab/>
        <indent>0</indent>
      </item>
      <item identifier="ge5f5841085e75dd5aa35eced476c1b80">
        <content_type>WikiPage</content_type>
        <workflow_state>active</workflow_state>
        <title>🔬Science Lesson Template</title>
        <identifierref>g10d248168e9eebcf55eb19760e589635</identifierref>
        <position>3</position>
        <new_tab/>
        <indent>0</indent>
      </item>
      <item identifier="gfb00435b7d31b7ceaa0947e145c6c9a1">
        <content_type>WikiPage</content_type>
        <workflow_state>active</workflow_state>
        <title>🌎Social Studies Lesson Template</title>
        <identifierref>gc6623e839f1d2db760b400b1fcf4e98c</identifierref>
        <position>4</position>
        <new_tab>false</new_tab>
        <indent>0</indent>
      </item>
      <item identifier="g32cb1248864c2f91eed5b1ff5079e973">
        <content_type>WikiPage</content_type>
        <workflow_state>active</workflow_state>
        <title>📝Writing Lesson Template</title>
        <identifierref>g992f65af19d9ef6c0fae710986fa248c</identifierref>
        <position>5</position>
        <new_tab/>
        <indent>0</indent>
      </item>
      <item identifier="gcdc5db7170abab3e24401d497c7ea5c1">
        <content_type>WikiPage</content_type>
        <workflow_state>active</workflow_state>
        <title>📆Monthly Schedule</title>
        <identifierref>gfe47f93f5a4d5fe11a22593d4098156e</identifierref>
        <position>6</position>
        <new_tab>false</new_tab>
        <indent>0</indent>
      </item>
      <item identifier="g5f48367580aa33259acd5da06ecfd28c">
        <content_type>WikiPage</content_type>
        <workflow_state>active</workflow_state>
        <title>Weekly Schedule</title>
        <identifierref>g0d5daccfee0b75ce1e59c3c90f34d5e0</identifierref>
        <position>7</position>
        <new_tab>false</new_tab>
        <indent>0</indent>
      </item>
    </items>
  </module>
</modules>
